StationCode,STREAM_NAME,Reference/Non-Reference,SAMPLEDATE,REPLICATE,COUNTY,LATITUDE,LONGITUDE,URL,Regional_Board,CSCI
634001CLD,Cold Creek,,2019,1,El Dorado,38.89213923,-119.9018906,,Lahontan,1.20937534
634001GNL,General Creek,,2019,1,El Dorado,39.05301279,-120.1155272,,Lahontan,1.282410929
634001HVL,Heavenly Valley Creek,,2019,1,El Dorado,38.9208917,-119.9703888,,Lahontan,0.565937717
634001LKF,Lake Forest Creek,,2019,1,Placer,39.18346983,-120.1193736,,Lahontan,0.327012221
634001MEI,Upper Truckee River,,2019,1,El Dorado,38.73337433,-120.0054785,,Lahontan,0.877764463
634001SAX,Saxon Creek,,2019,1,El Dorado,38.88091321,-119.9824465,,Lahontan,1.038985727
634001TAY,Taylor Creek,,2019,1,El Dorado,38.93462498,-120.0567743,,Lahontan,0.68066119
634001TRT,Trout Creek,,2019,1,El Dorado,38.89999947,-119.9678686,,Lahontan,1.11825739
634002SAX,Saxon Creek,,2019,1,El Dorado,38.87583315,-119.9839702,,Lahontan,1.178187752
634002TRT,Trout Creek,,2019,1,El Dorado,38.89404055,-119.9679338,,Lahontan,1.142959739
634BLW001,Blackwood Creek,,2019,1,Placer,39.1074114,-120.1622238,,Lahontan,0.934645057
634MCK001,McKinney Creek,,2016,1,Placer,39.07195,-120.141336,,Lahontan,1.18670054
634MCK001,McKinney Creek,,2020,1,Placer,39.071666,-120.141194,,Lahontan,1.306365648
634OFSSAX,Saxon Creek,,2013,1,El Dorado,38.87059,-119.98144,,Lahontan,1.034674469
634OFSSAX,Saxon Creek,,2014,1,El Dorado,38.87059,-119.98144,,Lahontan,1.159507167
634OFSSAX,Saxon Creek,,2016,1,El Dorado,38.87059,-119.98144,,Lahontan,1.174430479
634REFBMW,Big Meadow Creek,,2010,1,El Dorado,38.77957,-119.99815,,Lahontan,1.03685
634REFBMW,Big Meadow Creek,,2011,1,El Dorado,38.77957,-119.99815,,Lahontan,1.00643
634REFBMW,Big Meadow Creek,,2012,1,El Dorado,38.77957,-119.99815,,Lahontan,0.970988
634REFBMW,Big Meadow Creek,,2013,1,El Dorado,38.77957,-119.99815,,Lahontan,1.11396
634REFBMW,Big Meadow Creek,,2014,1,El Dorado,38.77957,-119.99815,,Lahontan,0.930692
634REFBMW,Big Meadow Creek,,2015,1,El Dorado,38.77957,-119.99815,,Lahontan,1.030706839
634REFBMW,Big Meadow Creek,,2017,1,El Dorado,38.77962,-119.99809,,Lahontan,1.109757678
634REFGBK,Glenbrook Creek,,2009,1,Douglas,39.07462,-119.89968,,Lahontan,1.02633
634REFGBK,Glenbrook Creek,,2010,1,Douglas,39.07462,-119.89968,,Lahontan,0.996487
634REFGBK,Glenbrook Creek,,2011,1,Douglas,39.07462,-119.89968,,Lahontan,0.96353
634REFGBK,Glenbrook Creek,,2012,1,Douglas,39.07462,-119.89968,,Lahontan,1.01549
634REFGBK,Glenbrook Creek,,2013,1,Douglas,39.07462,-119.89968,,Lahontan,1.01288
634REFGBK,Glenbrook Creek,,2014,1,Douglas,39.07462,-119.89968,,Lahontan,0.964782
634REFGBK,Glenbrook Creek,,2015,1,Douglas,39.07462,-119.89968,,Lahontan,0.971445367
634REFGNL,General Creek,,2010,1,El Dorado,39.02985,-120.16074,,Lahontan,0.866528
634REFGNL,General Creek,,2011,1,El Dorado,39.02985,-120.16074,,Lahontan,0.951563
634REFGNL,General Creek,,2013,1,El Dorado,39.02985,-120.16074,,Lahontan,0.700151
634REFGNL,General Creek,,2015,1,El Dorado,39.02985,-120.16074,,Lahontan,1.084614828
634REFGNL,General Creek,,2018,1,El Dorado,39.02991629,-120.1603364,,Lahontan,1.026565199
634REFMKS,Meeks Creek,,2009,1,El Dorado,39.00563,-120.16491,,Lahontan,1.15382
634REFMKS,Meeks Creek,,2010,1,El Dorado,39.00563,-120.16491,,Lahontan,0.984378
634REFMKS,Meeks Creek,,2011,1,El Dorado,39.00563,-120.16491,,Lahontan,0.9413
634REFMKS,Meeks Creek,,2012,1,El Dorado,39.00563,-120.16491,,Lahontan,1.07343
634REFMKS,Meeks Creek,,2013,1,El Dorado,39.00563,-120.16491,,Lahontan,1.10808
634REFMKS,Meeks Creek,,2014,1,El Dorado,39.00563,-120.16491,,Lahontan,1.08993
634REFMKS,Meeks Creek,,2015,1,El Dorado,39.00563,-120.16491,,Lahontan,1.125570129
634REFMKS,Meeks Creek,,2018,1,El Dorado,39.00563,-120.16491,,Lahontan,1.088093422
634REFNLH,North Logan House Creek,,2009,1,Douglas,39.07317,-119.92006,,Lahontan,0.979771
634REFNLH,North Logan House Creek,,2010,1,Douglas,39.07317,-119.92006,,Lahontan,0.976932
634REFNLH,North Logan House Creek,,2011,1,Douglas,39.07317,-119.92006,,Lahontan,1.1333
634REFNLH,North Logan House Creek,,2012,1,Douglas,39.07317,-119.92006,,Lahontan,1.1699
634REFNLH,North Logan House Creek,,2013,1,Douglas,39.07317,-119.92006,,Lahontan,1.05917
634REFNLH,North Logan House Creek,,2014,1,Douglas,39.07317,-119.92006,,Lahontan,1.00955
634REFNLH,North Logan House Creek,,2015,1,Douglas,39.07317,-119.92006,,Lahontan,0.794007529
634REFNLH,North Logan House Creek,,2018,1,Douglas,39.073155,-119.920091,,Lahontan,1.031134559
634REFSAX,Saxon Creek,,2010,1,El Dorado,38.85685,-119.98626,,Lahontan,0.985508
634REFSAX,Saxon Creek,,2011,1,El Dorado,38.85685,-119.98626,,Lahontan,1.19073
634REFSAX,Saxon Creek,,2012,1,El Dorado,38.85685,-119.98626,,Lahontan,0.722595
634REFSAX,Saxon Creek,,2013,1,El Dorado,38.85685,-119.98626,,Lahontan,0.891792
634REFSAX,Saxon Creek,,2014,1,El Dorado,38.85685,-119.98626,,Lahontan,0.897184
634REFSAX,Saxon Creek,,2015,1,El Dorado,38.85685,-119.98626,,Lahontan,0.963339918
634REFSAX,Saxon Creek,,2017,1,El Dorado,38.85693,-119.98616,,Lahontan,1.145070792
634REFTRT,Trout Creek,,2010,1,El Dorado,38.85402,-119.93938,,Lahontan,1.10784
634REFTRT,Trout Creek,,2011,1,El Dorado,38.85402,-119.93938,,Lahontan,1.11735
634REFTRT,Trout Creek,,2012,1,El Dorado,38.85402,-119.93938,,Lahontan,1.13746
634REFTRT,Trout Creek,,2013,1,El Dorado,38.85402,-119.93938,,Lahontan,0.988306
634REFTRT,Trout Creek,,2014,1,El Dorado,38.85402,-119.93938,,Lahontan,1.20159
634REFTRT,Trout Creek,,2015,1,El Dorado,38.85402,-119.93938,,Lahontan,1.121723548
634REFTRT,Trout Creek,,2016,1,El Dorado,38.85402,-119.93938,,Lahontan,1.129219412
634REFTRT,Trout Creek,,2020,1,El Dorado,38.85484,-119.940062,,Lahontan,1.055044972
634REFUTR,Upper Truckee River,,2010,1,El Dorado,38.77868,-120.02816,,Lahontan,1.04973
634REFUTR,Upper Truckee River,,2011,1,El Dorado,38.77868,-120.02816,,Lahontan,1.21847
634REFUTR,Upper Truckee River,,2012,1,El Dorado,38.77868,-120.02816,,Lahontan,0.947072
634REFUTR,Upper Truckee River,,2013,1,El Dorado,38.77868,-120.02816,,Lahontan,1.20511
634REFUTR,Upper Truckee River,,2014,1,El Dorado,38.77868,-120.02816,,Lahontan,1.12946
634REFUTR,Upper Truckee River,,2015,1,El Dorado,38.77868,-120.02816,,Lahontan,1.223839015
634REFUTR,Upper Truckee River,,2019,1,El Dorado,38.77875245,-120.0282737,,Lahontan,1.047005307
634S09010,Edgewood Creek tributary,,2009,1,Douglas,38.961442,-119.92163,,Lahontan,0.788262
634S09012,Third Creek,,2009,1,Washoe,39.288534,-119.934252,,Lahontan,0.790302
634S09013,Upper Truckee River,,2009,1,El Dorado,38.881427,-119.99828,,Lahontan,0.842182
634S09016,Incline Creek,,2009,1,Washoe,39.249417,-119.933353,,Lahontan,0.941393
634S09017,Upper Truckee River,,2009,1,El Dorado,38.753294,-120.028039,,Lahontan,0.808493
634S09018,Grass Lake Creek,,2009,1,El Dorado,38.796565,-119.983644,,Lahontan,1.16799
634S09049,Upper Truckee River,,2009,1,El Dorado,38.780184,-120.028495,,Lahontan,0.858183
634S09053,Upper Truckee River,,2009,1,El Dorado,38.807434,-120.017093,,Lahontan,0.885576
634S09054,Cold Creek,,2009,1,El Dorado,38.898916,-119.90473,,Lahontan,0.886861
634S09056,Incline Creek,,2009,1,Washoe,39.282843,-119.921032,,Lahontan,1.10649
634S09058,Cold Creek,,2009,1,El Dorado,38.898493,-119.92051,,Lahontan,1.12861
634S09060,Third Creek tributary,,2009,1,Washoe,39.263879,-119.938306,,Lahontan,1.06798
634S10076,Deer Creek,,2010,1,Washoe,39.27825,-119.94041,,Lahontan,1.10365
634S10080,Incline Creek,,2010,1,Washoe,39.24508,-119.93926,,Lahontan,0.934217
634S10090,Cold Creek,,2010,1,El Dorado,38.90839,-119.95952,,Lahontan,1.02558
634S10092,Wood Creek,,2010,1,Washoe,39.26905,-119.96555,,Lahontan,1.10163
634S10100,North Logan House Creek,,2010,1,Douglas,39.06861,-119.94049,,Lahontan,0.981457
634S10104,Griff Creek,,2010,1,Placer,39.23933,-120.03056,,Lahontan,1.07382
634S10104,Griff Creek,,2018,1,Placer,39.2392254,-120.030543,,Lahontan,1.05083758
634S10110,Cascade Creek,,2010,1,El Dorado,38.92185,-120.11511,,Lahontan,0.851181
634S10111,Slaughterhouse Creek,,2010,1,Douglas,39.1241,-119.91155,,Lahontan,0.759207
634S10113,Upper Truckee River,,2010,1,El Dorado,38.71706,-120.00614,,Lahontan,0.922549
634S10114,Upper Truckee River,,2010,1,El Dorado,38.92136,-119.98731,,Lahontan,0.634803
634S10114,Upper Truckee River,,2018,1,El Dorado,38.919006,-119.98816,,Lahontan,0.800596846
634S10117,Upper Truckee River,,2010,1,El Dorado,38.820091,-120.019111,,Lahontan,1.046
634S10133,Echo Creek,,2010,1,El Dorado,38.84208,-120.03818,,Lahontan,1.14111
634S10139,Lonely Gulch Creek,,2010,1,El Dorado,39.01561,-120.12305,,Lahontan,1.02466
634S10152,Second Creek,,2010,1,Washoe,39.25549,-119.97428,,Lahontan,0.994087
634S10161,Upper Truckee River tributary,,2010,1,El Dorado,38.78544,-120.01805,,Lahontan,1.18476
634S10165,Upper Truckee River,,2010,1,El Dorado,38.80266,-120.01665,,Lahontan,0.896654
634S11015,Ward Creek,,2011,1,Placer,39.13681,-120.21912,,Lahontan,0.724859
634S11079,Ward Creek,,2011,1,Placer,39.13837,-120.1841,,Lahontan,1.26892
634S11083,Watson Creek,,2011,1,Placer,39.22693,-120.11125,,Lahontan,1.18393
634S11156,Rosewood Creek,,2011,1,Washoe,39.26001,-119.95227,,Lahontan,0.837347
634S11159,Marlette Creek tributary,,2011,1,Washoe,39.16543,-119.92171,,Lahontan,1.03391
634S11160,Third Creek,,2011,1,Washoe,39.24567,-119.94453,,Lahontan,1.10889
634S11160,Third Creek,,2016,1,Washoe,39.24567,-119.94453,,Lahontan,0.996157261
634S11162,Upper Truckee River,,2011,1,El Dorado,38.92487,-119.99481,,Lahontan,0.731105
634S11162,Upper Truckee River,,2017,1,El Dorado,38.92487,-119.99481,,Lahontan,0.844230743
634S11164,Logan House Creek tributary,,2011,1,Douglas,39.0677,-119.93151,,Lahontan,0.314379
634S11167,General Creek tributary,,2011,1,El Dorado,39.02124,-120.19756,,Lahontan,0.931949
634S11168,Second Creek,,2011,1,Washoe,39.25338,-119.97615,,Lahontan,0.771645
634S11172,Third Creek,,2011,1,Washoe,39.26132,-119.94315,,Lahontan,1.13726
634S11173,Trout Creek,,2011,1,El Dorado,38.86091,-119.95755,,Lahontan,1.12611
634S11177,Upper Truckee River,,2011,1,El Dorado,38.7233,-120.01714,,Lahontan,0.896276
634S11186,Cold Creek tributary,,2011,1,El Dorado,38.89512,-119.93958,,Lahontan,0.860109
634S11189,Saxon Creek tributary,,2011,1,El Dorado,38.82735,-119.97849,,Lahontan,0.955043
634S11190,Meeks Creek,,2011,1,El Dorado,38.98409,-120.14331,,Lahontan,0.858026
634S12174,Eagle Creek,,2012,1,El Dorado,38.94787,-120.12016,,Lahontan,0.973139
634S12176,Third Creek,,2012,1,Washoe,39.23893,-119.94627,,Lahontan,0.733699
634S12194,Grass Lake Creek tributary,,2012,1,El Dorado,38.79358,-119.95495,,Lahontan,0.829166
634S12195,Susie Lake Creek,,2012,1,El Dorado,38.89371,-120.14493,,Lahontan,0.794626
634S12197,Upper Truckee River,,2012,1,El Dorado,38.84436,-120.02442,,Lahontan,0.942302
634S12198,Tallac Creek,,2012,1,El Dorado,38.94049,-120.07218,,Lahontan,0.2821
634S12199,Blackwood Creek,,2012,1,Placer,39.08777,-120.2134,,Lahontan,1.02512
634S12201,Angora Creek,,2012,1,El Dorado,38.86802,-120.06187,,Lahontan,0.527576
634S12203,Lonely Gulch Creek,,2012,1,El Dorado,39.01224,-120.1246,,Lahontan,1.09589
634S12204,Deer Creek,,2012,1,Washoe,39.26929,-119.94589,,Lahontan,0.99032
634S12206,Edgewood Creek,,2012,1,Douglas,38.97023,-119.89871,,Lahontan,0.751184
634S12207,Dollar Creek,,2012,1,Placer,39.19896,-120.09862,,Lahontan,1.07171
634S12208,Deer Creek,,2012,1,Washoe,39.24845,-119.94033,,Lahontan,0.8093
634S12215,Homewood Canyon Creek,,2012,1,Placer,39.07736,-120.16434,,Lahontan,0.995134
634S12223,Marlette Creek ,,2012,1,Washoe,39.16533,-119.9325,,Lahontan,1.10433
634S12224,Incline Creek,,2012,1,Washoe,39.24005,-119.9447,,Lahontan,1.07822
634S12224,Incline Creek,,2016,1,Washoe,39.24005,-119.9447,,Lahontan,0.929160037
634S12224,Incline Creek,,2020,1,Washoe,39.240894,-119.944669,,Lahontan,1.10078869
634S13193,Big Meadow Creek tributary,,2013,1,El Dorado,38.77183,-119.98013,,Lahontan,0.942881
634S13209,Stevens Creek,,2013,1,El Dorado,38.75184,-119.99198,,Lahontan,1.01052
634S13217,Angora Creek,,2013,1,El Dorado,38.87496,-120.04397,,Lahontan,0.996517
634S13218,Trout Creek tributary,,2013,1,El Dorado,38.8956,-119.96258,,Lahontan,1.05989
634S13221,Trout Creek tributary,,2013,1,El Dorado,38.89316,-119.9492,,Lahontan,0.949726
634S13229,Grass Lake Creek tributary,,2013,1,El Dorado,38.79507,-119.99679,,Lahontan,1.06556
634S13231,General Creek ,,2013,1,El Dorado,39.02523,-120.18341,,Lahontan,0.779384
634S13232,First Creek,,2013,1,Washoe,39.25261,-119.98734,,Lahontan,1.10899
634S13233,Osgood Creek,,2013,1,El Dorado,38.85509,-120.03317,,Lahontan,1.12038
634S13236,Deer Creek tributary,,2013,1,Washoe,39.26309,-119.94011,,Lahontan,0.983626
634S13237,Hidden Valley Creek,,2013,1,El Dorado,38.8724,-119.95827,,Lahontan,1.19831
634S13239,North Canyon Creek,,2013,1,Douglas,39.1234,-119.9128,,Lahontan,0.778896
634S13242,Upper Truckee River,,2013,1,El Dorado,38.90426,-119.99088,,Lahontan,0.692963
634S13242,upper Truckee River,,2017,1,El Dorado,38.90418,-119.99709,,Lahontan,0.735088881
634S13248,Incline Creek tributary,,2013,1,Washoe,39.26123,-119.92389,,Lahontan,0.663174
634S13260,Incline Creek,,2013,1,Washoe,39.25004,-119.92793,,Lahontan,0.75813
634S13268,Deer Creek,,2013,1,Washoe,39.25389,-119.93978,,Lahontan,0.702055
634S14235,Ward Creek,,2014,1,Placer,39.13218,-120.15714,,Lahontan,0.57922
634S14243,Blackwood Creek,,2014,1,Placer,39.10352,-120.20239,,Lahontan,0.364936
634S14245,Glen Alpine Creek,,2014,1,El Dorado,38.87994,-120.07134,,Lahontan,0.755553
634S14247,McKinney Creek,,2014,1,Placer,39.04549,-120.16944,,Lahontan,0.703077
634S14251,Blackwood Creek,,2014,1,Placer,39.10898,-120.18794,,Lahontan,1.02798
634S14251,Blackwood Creek,,2018,1,Placer,39.10932281,-120.1886542,,Lahontan,1.191971714
634S14253,Saxon Creek ,,2014,1,El Dorado,38.82095,-119.96748,,Lahontan,1.11963
634S14257,Upper Truckee River,,2014,1,El Dorado,38.87143,-120.01289,,Lahontan,0.847382
634S14257,Upper Truckee River,,2018,1,El Dorado,38.871387,-120.012858,,Lahontan,1.027766107
634S14259,Ward Creek,,2014,1,Placer,39.13591,-120.22078,,Lahontan,1.00103
634S14261,Upper Truckee River,,2014,1,El Dorado,38.82445,-120.02075,,Lahontan,1.03496
634S14263,McKinney Creek,,2014,1,Placer,39.06355,-120.14936,,Lahontan,0.995848
634S14276,Glenbrook Creek,,2014,1,Douglas,39.08719,-119.9332,,Lahontan,0.784596
634S14280,Incline Creek,,2014,1,Washoe,39.29561,-119.92585,,Lahontan,0.399255
634S14292,Wood Creek,,2014,1,Washoe,39.26245,-119.95852,,Lahontan,1.01524
634S14296,Rosewood Creek,,2014,1,Washoe,39.25066,-119.94755,,Lahontan,0.75448
634S14300,Logan House Creek ,,2014,1,Douglas,39.06681,-119.93939,,Lahontan,0.960707
634S14306,Burke Creek,,2014,1,Douglas,38.97867,-119.92274,,Lahontan,0.827442
634S15264,Griff Creek,,2015,1,Placer,39.27279,-120.01994,,Lahontan,0.818419275
634S15266,Trout Creek,,2015,1,El Dorado,38.90664,-119.97031,,Lahontan,0.813468493
634S15270,Snow Lake tributary,,2015,1,El Dorado,38.91607,-120.11655,,Lahontan,0.991762707
634S15273,Upper Truckee River,,2015,1,El Dorado,38.78536,-120.02452,,Lahontan,1.162629279
634S15274,Upper Truckee River,,2015,1,El Dorado,38.91245,-119.98958,,Lahontan,0.426473142
634S15277,Upper Truckee River,,2015,1,El Dorado,38.81105,-120.01798,,Lahontan,0.838288456
634S15279,Meeks Creek,,2015,1,El Dorado,39.01725,-120.15583,,Lahontan,0.854675737
634S15286,Rubicon Creek tributary,,2015,1,El Dorado,38.996777,-120.109598,,Lahontan,0.645377981
634S15290,Trout Creek,,2015,1,El Dorado,38.91637,-119.97383,,Lahontan,0.716656986
634S15298,Upper Truckee River,,2015,1,El Dorado,38.92298,-119.99175,,Lahontan,0.544905244
634S15308,Third Creek,,2015,1,Washoe,39.27303,-119.94836,,Lahontan,1.083425578
634S15316,Third Creek,,2015,1,Washoe,39.24261,-119.9449,,Lahontan,1.035624255
634S15320,Second Creek,,2015,1,Washoe,39.24884,-119.97714,,Lahontan,1.065489589
634S15324,Third Creek,,2015,1,Washoe,39.26281,-119.9446,,Lahontan,0.931654324
634S15340,Deer Creek,,2015,1,Washoe,39.25063,-119.94049,,Lahontan,0.913196491
634S15348,Wood Creek,,2015,1,Washoe,39.25877,-119.95577,,Lahontan,1.014969604
634S16265,Angora Creek,,2016,1,El Dorado,38.86821,-120.04771,,Lahontan,0.484554723
634S16291,Burton Creek,,2016,1,Placer,39.1953,-120.13499,,Lahontan,0.457767759
634S16293,Trout Creek,,2016,1,El Dorado,38.85701,-119.94426,,Lahontan,1.007003698
634S16297,Big Meadow Creek,,2016,1,El Dorado,38.76975,-119.99722,,Lahontan,1.231550488
634S16302,Cold Creek,,2016,1,El Dorado,38.89853,-119.94702,,Lahontan,1.194430174
634S16303,Ward Creek,,2016,1,Placer,39.13612,-120.16581,,Lahontan,1.225394728
634S16307,Lonely Gulch Creek,,2016,1,El Dorado,39.00214,-120.13292,,Lahontan,1.088363129
634S16309,Stevens Creek,,2016,1,El Dorado,38.75755,-119.99419,,Lahontan,1.008870236
634S16310,Cold Creek tributary,,2016,1,El Dorado,38.88995,-119.89997,,Lahontan,1.194095341
634S16311,Watson Creek,,2016,1,Placer,39.22737,-120.1369,,Lahontan,0.337450275
634S16313,Hidden Valley Creek,,2016,1,El Dorado,38.87266,-119.93102,,Lahontan,0.62690375
634S16317,Big Meadow Creek,,2016,1,El Dorado,38.79626,-120.01327,,Lahontan,0.737962752
634S16318,Cold Creek tributary,,2016,1,El Dorado,38.89776,-119.89728,,Lahontan,1.215769124
634S16351,Slaughterhouse Creek,,2016,1,Douglas,39.1158,-119.92709,,Lahontan,1.096591332
634S16358,Edgewood Creek,,2016,1,Douglas,38.96502,-119.92136,,Lahontan,1.041344213
634S16360,Wood Creek,,2016,1,Washoe,39.28048,-119.96653,,Lahontan,1.034629284
634S16362,Burke Creek,,2016,1,Douglas,38.9722,-119.93787,,Lahontan,0.502871542
634S16364,Third Creek,,2016,1,Washoe,39.28559,-119.93729,,Lahontan,0.634351655
634S16368,North Zephyr Creek,,2016,1,Douglas,39.01561,-119.94231,,Lahontan,0.861348201
634S16380,Incline Creek,,2016,1,Washoe,39.24657,-119.93813,,Lahontan,1.029109543
634S17322,Trout Creek,,2017,1,El Dorado,38.93065,-119.9774,,Lahontan,0.806625094
634S17323,Blackwood Creek,,2017,1,Placer,39.10868,-120.16626,,Lahontan,0.979796107
634S17325,Upper Truckee River,,2017,1,El Dorado,38.73396,-120.01817,,Lahontan,0.633513515
634S17329,Saxon Creek,,2017,1,El Dorado,38.82569,-119.97366,,Lahontan,1.232238938
634S17334,Grass Lake Creek tributary,,2017,1,El Dorado,38.79676,-119.96985,,Lahontan,0.645534561
634S17335,Glen Alpine Creek,,2017,1,El Dorado,38.87505,-120.11691,,Lahontan,0.928116291
634S17337,Trout Creek tributary,,2017,1,El Dorado,38.85027,-119.92915,,Lahontan,1.105817254
634S17341,upper Truckee River,,2017,1,El Dorado,38.82042,-120.01916,,Lahontan,1.171249783
634S17342,Tallac Creek tributary,,2017,1,El Dorado,38.92114,-120.07797,,Lahontan,0.740376837
634S17343,Homewood Canyon Creek,,2017,1,El Dorado,39.07961,-120.15804,,Lahontan,1.094644335
634S17344,Griff Creek,,2017,1,Placer,39.24439,-120.02933,,Lahontan,0.844113123
634S17345,Angora Creek,,2017,1,El Dorado,38.88079,-120.03299,,Lahontan,0.940336573
634S17346,cold Creek,,2017,1,El Dorado,38.903,-119.95706,,Lahontan,0.93955725
634S17384,Second Creek,,2017,1,Washoe,39.27113,-119.97856,,Lahontan,0.92003698
634S17387,secret Harbor creek tributary,,2017,1,Douglas,39.14246,-119.91824,,Lahontan,0.954991439
634S17390,Edgewood Creek,,2017,1,Douglas,38.96626,-119.93802,,Lahontan,0.805849179
634S17392,Incline Creek tributary,,2017,1,Washoe,39.27781,-119.92039,,Lahontan,0.928621167
634S17400,Logan House Creek,,2017,1,Douglas,39.05564,-119.91149,,Lahontan,0.701243103
634S17408,Third Creek,,2017,1,Washoe,39.27041,-119.9482,,Lahontan,0.830895524
634S17416,Third Creek,,2017,1,Washoe,39.26032,-119.94322,,Lahontan,0.842817681
634S18347,Burton Creek,,2018,1,Placer,39.19347,-120.13159,,Lahontan,1.022458468
634S18353,Echo Creek,,2018,1,El Dorado,38.844472,-120.085286,,Lahontan,0.869890622
634S18355,Madden Creek,,2018,1,Placer,39.08285,-120.18689,,Lahontan,1.143214776
634S18357,Glen Alpine Creek,,2018,1,El Dorado,38.8786038,-120.0761676,,Lahontan,1.003250438
634S18359,General Creek,,2018,1,El Dorado,39.044152,-120.1443088,,Lahontan,1.169662808
634S18363,General Creek,,2018,1,El Dorado,39.05187,-120.12574,,Lahontan,1.06487853
634S18369,Upper Truckee River,,2018,1,El Dorado,38.80656,-120.01621,,Lahontan,0.928494857
634S18370,Tallac Creek tributary,,2018,1,El Dorado,38.92822,-120.0865,,Lahontan,1.210287028
634S18372,Griff Creek tributary,,2018,1,Placer,39.24875719,-120.0231898,,Lahontan,1.115311876
634S18373,Saxon Creek,,2018,1,El Dorado,38.86930997,-119.9818072,,Lahontan,0.647836378
634S18374,General Creek,,2018,1,El Dorado,39.00350547,-119.1894968,,Lahontan,0.962975951
634S18377,Upper Truckee River,,2018,1,El Dorado,38.885592,-119.994447,,Lahontan,1.120974359
634S18379,Ward Creek,,2018,1,Placer,39.1413312,-120.195805,,Lahontan,0.937310214
634S18420,Third Creek tributary,,2018,1,Washoe,39.3132217,-119.931273,,Lahontan,0.897014426
634S18424,Slaughterhouse Creek,,2018,1,Douglas,39.1185308,-119.9311165,,Lahontan,1.03567648
634S18428,North Logan House Creek,,2018,1,Douglas,39.0697624,-119.9362111,,Lahontan,0.914181969
634S18444,North Zephyr Creek tributary,,2018,1,Douglas,39.02360073,-119.9360101,,Lahontan,1.059360056
634S18447,Third Creek,,2018,1,Washoe,39.256458,-119.94207,,Lahontan,0.905805476
634S18449,Burke Creek,,2018,1,Douglas,38.9787648,-119.923526,,Lahontan,1.053356348
634S18459,First Creek,,2018,1,Washoe,39.2672821,-119.987265,,Lahontan,1.053356348
634S19217,Angora Creek,,2019,,El Dorado,38.88045172,-120.0411085,,Lahontan,0.800160517
634S19385,Trout Creek Tributary,,2019,1,El Dorado,38.86327419,-119.9611278,,Lahontan,1.055979666
634S19410,Cold Creek,,2019,1,El Dorado,38.89268311,-119.9082414,,Lahontan,1.073068996
634S19473,Saxon Creek,,2019,1,El Dorado,38.86799071,-119.9839902,,Lahontan,1.083468846
634S19498,Angora Creek,,2019,,El Dorado,38.88048181,-120.0268705,,Lahontan,0.825785527
634S19505,Cookhouse Creek,,2019,1,Placer,38.79130588,-120.0090857,,Lahontan,1.045856644
634S19557,Trout Creek,,2019,1,El Dorado,38.88757913,-119.9744011,,Lahontan,1.071720948
634S19562,Osgood Creek,,2019,1,El Dorado,38.85251874,-120.0381849,,Lahontan,0.965503988
634S19573,Hell Hole Creek,,2019,1,El Dorado,38.89065775,-119.9061243,,Lahontan,1.080448315
634S19605,Cold Creek,,2019,1,El Dorado,38.87374015,-120.0124339,,Lahontan,1.165523886
634S19606,Angora Creek,,2019,,El Dorado,38.79500194,-120.0195725,,Lahontan,0.691684966
634S19658,Upper Truckee River,,2019,1,El Dorado,38.93012663,-120.0546024,,Lahontan,1.064528025
634S19662,Taylor Creek,,2019,1,El Dorado,38.83610863,-119.943787,,Lahontan,0.615754099
634S19714,Upper Truckee River,,2019,1,El Dorado,38.85059937,-120.0280525,,Lahontan,0.88551997
634S19738,Upper Truckee River,,2019,1,El Dorado,38.91027279,-119.9909114,,Lahontan,0.805962816
634S19751,Dollar Creek,,2019,1,Placer,39.1970288,-120.0965201,,Lahontan,1.10873803
634S19800,Blackwood Creek,,2019,1,Placer,39.10661921,-120.1929544,,Lahontan,1.116172883
634S20383,McKinney Creek,,2020,1,Placer,39.070161,-120.143546,,Lahontan,1.16560536
634S20393,Upper Truckee River,,2020,1,El Dorado,38.831981,-120.019075,,Lahontan,1.016646301
634S20395,Blackwood Creek,,2020,1,Placer,39.096931,-120.210621,,Lahontan,1.058121967
634S20396,Watson,,2020,1,Placer,39.21915,-120.092392,,Lahontan,0.973308407
634S20397,Big Meadow Creek,,2020,,El Dorado,38.787056,-120.005316,,Lahontan,1.01363031
634S20398,Upper Truckee River,,2020,1,El Dorado,38.928063,-119.997892,,Lahontan,0.413967587
634S20403,Blackwood Creek,,2020,1,Placer,39.110372,-120.183284,,Lahontan,1.004148677
634S20409,Upper Truckee River Tributary,,2020,1,El Dorado,38.758448,-120.007544,,Lahontan,1.11543006
634S20413,Echo Creek,,2020,1,El Dorado,38.846664,-120.024602,,Lahontan,1.088162642
634S20414,Cold Creek Tributary,,2020,1,El Dorado,38.899465,-119.930517,,Lahontan,1.217354857
634S20423,Upper Truckee River,,2020,1,El Dorado,38.831021,-120.020034,,Lahontan,1.007879189
634S20425,Upper Truckee River,,2020,1,El Dorado,38.728116,-120.018671,,Lahontan,0.636724311
634S20511,Deer Creek,,2020,1,Washoe,39.254812,-119.939664,,Lahontan,0.979102829
634SAXOFS,saxon Creek,,2017,1,El Dorado,38.87088,-119.98142,,Lahontan,1.229638814
634SAXOFS,Saxon Creek,,2018,1,El Dorado,38.8704712,-119.981259,,Lahontan,1.156149983
634SAXOFS,Saxon Creek,,2019,1,El Dorado,38.87118666,-119.9819415,,Lahontan,1.166550574
634SAXOFS,Saxon Creek,,2020,1,El Dorado,38.871306,-119.981904,,Lahontan,1.058471368
634TPA021,Upper Truckee River,,2009,1,El Dorado,38.82249,-120.02019,,Lahontan,0.995585
634TPA021,Upper Truckee River,,2011,1,El Dorado,38.82249,-120.02019,,Lahontan,0.960912
634TPA021,Upper Truckee River,,2013,1,El Dorado,38.82249,-120.02019,,Lahontan,0.92624
634TPA021,Upper Truckee River,,2015,1,El Dorado,38.82249,-120.02019,,Lahontan,0.939452808
634TPA021,Upper Truckee River,,2018,1,El Dorado,38.822533,-120.020075,,Lahontan,1.155432
634TPA023,McKinney Creek,,2009,1,Placer,39.06578,-120.14663,,Lahontan,1.10796
634TPA023,McKinney Creek,,2011,1,Placer,39.06578,-120.14663,,Lahontan,1.28872
634TPA023,McKinney Creek,,2013,1,Placer,39.06578,-120.14663,,Lahontan,1.19446
634TPA023,McKinney Creek,,2015,1,Placer,39.06578,-120.14663,,Lahontan,1.03163116
634TPA023,McKinney Creek,,2019,1,Placer,39.06578124,-120.1466821,,Lahontan,1.218807855
634TPA024,Griff Creek tributary,,2009,1,Placer,39.25777,-120.01305,,Lahontan,1.0197
634TPA024,Griff Creek tributary,,2011,1,Placer,39.25777,-120.01305,,Lahontan,1.15754
634TPA024,Griff Creek tributary,,2013,1,Placer,39.25777,-120.01305,,Lahontan,1.09868
634TPA024,Griff Creek tributary,,2015,1,Placer,39.25777,-120.01305,,Lahontan,1.102617184
634TPA024,Griff Creek tributary,,2018,1,Placer,39.25708,-120.01338,,Lahontan,1.161873184
634TPA025,Glen Alpine Creek,,2009,1,El Dorado,38.87562,-120.08372,,Lahontan,0.957406
634TPA025,Glen Alpine Creek,,2011,1,El Dorado,38.87562,-120.08372,,Lahontan,0.967471
634TPA025,Glen Alpine Creek,,2013,1,El Dorado,38.87562,-120.08372,,Lahontan,0.666268
634TPA025,Glen Alpine Creek,,2015,1,El Dorado,38.87562,-120.08372,,Lahontan,1.178491419
634TPA025,Glen Alpine Creek,,2019,1,El Dorado,38.8756582,-120.0837267,,Lahontan,0.98527072
634TPA028,Third Creek,,2009,1,Washoe,39.2668,-119.94667,,Lahontan,1.20766
634TPA028,Third Creek,,2011,1,Washoe,39.2668,-119.94667,,Lahontan,1.17612
634TPA028,Third Creek,,2013,1,Washoe,39.2668,-119.94667,,Lahontan,0.921406
634TPA028,Third Creek,,2015,1,Washoe,39.2668,-119.94667,,Lahontan,1.090578456
634TPA028,Third Creek,,2018,1,Washoe,39.2668,-119.94667,,Lahontan,1.061197239
634TPA032,Incline Creek,,2009,1,Washoe,39.24755,-119.93754,,Lahontan,1.06117
634TPA032,Incline Creek,,2011,1,Washoe,39.24755,-119.93754,,Lahontan,1.08448
634TPA032,Incline Creek,,2013,1,Washoe,39.24755,-119.93754,,Lahontan,0.995763
634TPA032,Incline Creek,,2015,1,Washoe,39.24755,-119.93754,,Lahontan,0.908821903
634TPA033,Upper Truckee River tributary,,2009,1,El Dorado,38.76332,-120.01605,,Lahontan,1.18228
634TPA033,Upper Truckee River tributary,,2011,1,El Dorado,38.76332,-120.01605,,Lahontan,1.23002
634TPA033,Upper Truckee River tributary,,2013,1,El Dorado,38.76332,-120.01605,,Lahontan,1.11879
634TPA033,Upper Truckee River tributary,,2015,1,El Dorado,38.76332,-120.01605,,Lahontan,1.24107383
634TPA033,Upper Truckee River tributary,,2018,1,El Dorado,38.7635435,-120.0167147,,Lahontan,1.182630734
634TPA036,Logan House Creek,,2009,1,Douglas,39.06595,-119.93392,,Lahontan,1.02919
634TPA036,Logan House Creek,,2011,1,Douglas,39.06595,-119.93392,,Lahontan,0.254997
634TPA036,Logan House Creek,,2013,1,Douglas,39.06595,-119.93392,,Lahontan,1.07036
634TPA036,Logan House Creek,,2015,1,Douglas,39.06595,-119.93392,,Lahontan,0.841541674
634TPA036,Logan House Creek,,2018,1,Douglas,39.0660863,-119.934207,,Lahontan,0.910454246
634TPA038,Cascade Creek,,2009,1,El Dorado,38.92731,-120.10642,,Lahontan,1.04928
634TPA038,Cascade Creek,,2011,1,El Dorado,38.92731,-120.10642,,Lahontan,1.21597
634TPA038,Cascade Creek,,2013,1,El Dorado,38.92731,-120.10642,,Lahontan,1.10001
634TPA038,Cascade Creek,,2015,1,El Dorado,38.92731,-120.10642,,Lahontan,1.043844121
634TPA038,Cascade Creek,,2019,1,El Dorado,38.92733999,-120.1063489,,Lahontan,1.086309756
634TPA039,Madden Creek,,2009,1,Placer,39.08913,-120.16573,,Lahontan,1.11485
634TPA039,Madden Creek,,2011,1,Placer,39.08913,-120.16573,,Lahontan,1.13883
634TPA039,Madden Creek,,2013,1,Placer,39.08913,-120.16573,,Lahontan,1.05964
634TPA039,Madden Creek,,2015,1,Placer,39.08913,-120.16573,,Lahontan,1.195663789
634TPA039,Madden Creek,,2018,1,Placer,39.08903,-120.16613,,Lahontan,1.164835348
634TPA040,Griff Creek,,2009,1,Placer,39.25071,-120.03116,,Lahontan,1.14023
634TPA040,Griff Creek,,2011,1,Placer,39.25071,-120.03116,,Lahontan,1.01439
634TPA040,Griff Creek,,2013,1,Placer,39.25071,-120.03116,,Lahontan,1.23653
634TPA040,Griff Creek,,2015,1,Placer,39.25071,-120.03116,,Lahontan,1.065171157
634TPA040,Griff Creek,,2019,1,Placer,39.25067034,-120.0311642,,Lahontan,1.126360262
634TPA041,Upper Truckee River,,2009,1,El Dorado,38.85961,-120.02685,,Lahontan,0.787847
634TPA041,Upper Truckee River,,2011,1,El Dorado,38.85961,-120.02685,,Lahontan,1.09765
634TPA041,Upper Truckee River,,2013,1,El Dorado,38.85961,-120.02685,,Lahontan,0.833739
634TPA041,Upper Truckee River,,2015,1,El Dorado,38.85961,-120.02685,,Lahontan,0.694237804
634TPA041,Upper Truckee River,,2018,1,El Dorado,38.85905,-120.02684,,Lahontan,1.037048797
634TPA042,Cold Creek,,2009,1,El Dorado,38.90833,-119.95886,,Lahontan,1.14726
634TPA042,Cold Creek,,2011,1,El Dorado,38.90833,-119.95886,,Lahontan,1.20043
634TPA042,Cold Creek,,2013,1,El Dorado,38.90833,-119.95886,,Lahontan,1.20126
634TPA042,Cold Creek,,2015,1,El Dorado,38.90833,-119.95886,,Lahontan,1.203853296
634TPA042,Cold Creek,,2019,1,El Dorado,38.90837665,-119.9588676,,Lahontan,1.099574229
634TPA044,Third Creek,,2009,1,Washoe,39.25541,-119.94292,,Lahontan,0.888635
634TPA044,Third Creek,,2011,1,Washoe,39.25541,-119.94292,,Lahontan,1.07921
634TPA044,Third Creek,,2013,1,Washoe,39.25541,-119.94292,,Lahontan,1.01517
634TPA044,Third Creek,,2015,1,Washoe,39.25541,-119.94292,,Lahontan,1.032924815
634TPA047,Secret Harbor Creek,,2009,1,Washoe,39.13916,-119.92381,,Lahontan,0.832487
634TPA047,Secret Harbor Creek,,2011,1,Washoe,39.13916,-119.92381,,Lahontan,0.707769
634TPA047,Secret Harbor Creek,,2013,1,Washoe,39.13916,-119.92381,,Lahontan,0.641658
634TPA047,Secret Harbor Creek,,2015,1,Washoe,39.13916,-119.92381,,Lahontan,0.904562825
634TPA047,Secret Harbor Creek tributary,,2018,1,Douglas,39.139388,-119.923995,,Lahontan,0.932200864
634TPA050,Trout Creek,,2009,1,El Dorado,38.93664,-119.9919,,Lahontan,0.409092
634TPA050,Trout Creek,,2011,1,El Dorado,38.93664,-119.9919,,Lahontan,0.67904
634TPA050,Trout Creek,,2013,1,El Dorado,38.93664,-119.9919,,Lahontan,0.428565
634TPA050,Trout Creek,,2015,1,El Dorado,38.93664,-119.9919,,Lahontan,0.581788577
634TPA050,Trout Creek,,2018,1,El Dorado,38.967128,-119.99196,,Lahontan,0.55687981
634TPA052,Glenbrook Creek,,2009,1,Douglas,39.08786,-119.93505,,Lahontan,0.823177
634TPA052,Glenbrook Creek,,2011,1,Douglas,39.08786,-119.93505,,Lahontan,0.784773
634TPA052,Glenbrook Creek,,2013,1,Douglas,39.08786,-119.93505,,Lahontan,0.917916
634TPA052,Glenbrook Creek,,2015,1,Douglas,39.08786,-119.93505,,Lahontan,0.806037974
634TPA061,Trout Creek,,2009,1,El Dorado,38.88442,-119.97774,,Lahontan,0.788551
634TPA061,Trout Creek,,2011,1,El Dorado,38.88442,-119.97774,,Lahontan,1.18471
634TPA061,Trout Creek,,2013,1,El Dorado,38.88442,-119.97774,,Lahontan,1.13277
634TPA061,Trout Creek,,2015,1,El Dorado,38.88442,-119.97774,,Lahontan,1.024106332
634TPA061,Trout Creek,,2019,1,El Dorado,38.884,-119.978,,Lahontan,1.070986638
634TPA063,Slaughterhouse Creek,,2009,1,Douglas,39.10914,-119.91687,,Lahontan,0.798521
634TPA063,Slaughterhouse Creek,,2011,1,Douglas,39.10914,-119.91687,,Lahontan,0.631953
634TPA063,Slaughterhouse Creek,,2013,1,Douglas,39.10914,-119.91687,,Lahontan,0.610855
634TPA063,Slaughterhouse Creek,,2015,1,Douglas,39.10914,-119.91687,,Lahontan,0.632008339
634TPA063,Slaughterhouse Creek,,2018,1,Douglas,39.1091945,-119.917145,,Lahontan,0.610167854
634TPA070,Cascade Creek,,2009,1,El Dorado,38.95113,-120.08044,,Lahontan,0.713795
634TPA070,Cascade Creek,,2011,1,El Dorado,38.95113,-120.08044,,Lahontan,0.614224
634TPA070,Cascade Creek,,2013,1,El Dorado,38.95113,-120.08044,,Lahontan,0.640525
634TPA070,Cascade Creek,,2015,1,El Dorado,38.95113,-120.08044,,Lahontan,0.71912885
634TPA070,Cascade Creek,,2018,1,El Dorado,38.951177,-120.080558,,Lahontan,0.821408527
634TPA074,Burke Creek,,2009,1,Douglas,38.97367,-119.93948,,Lahontan,0.495637
634TPA074,Burke Creek,,2011,1,Douglas,38.97367,-119.93948,,Lahontan,0.59577
634TPA074,Burke Creek,,2013,1,Douglas,38.97367,-119.93948,,Lahontan,0.641244
634TPA074,Burke Creek,,2015,1,Douglas,38.97367,-119.93948,,Lahontan,0.433667629
634TPA075,Lonely Gulch Creek,,2009,1,El Dorado,39.01972,-120.1196,,Lahontan,0.668152
634TPA075,Lonely Gulch Creek,,2011,1,El Dorado,39.01972,-120.1196,,Lahontan,0.701283
634TPA075,Lonely Gulch Creek,,2013,1,El Dorado,39.01972,-120.1196,,Lahontan,0.608527
634TPA075,Lonely Gulch Creek,,2015,1,El Dorado,39.01972,-120.1196,,Lahontan,0.453990995
634TPA075,Lonely Gulch Creek,,2019,1,El Dorado,39.01968938,-120.1196091,,Lahontan,0.803953915
634TPA085,Upper Truckee River,,2009,1,El Dorado,38.8299,-120.01965,,Lahontan,0.912403
634TPA085,Upper Truckee River,,2011,1,El Dorado,38.8299,-120.01965,,Lahontan,0.916849
634TPA085,Upper Truckee River,,2013,1,El Dorado,38.8299,-120.01965,,Lahontan,0.491171
634TPA085,Upper Truckee River,,2015,1,El Dorado,38.8299,-120.01965,,Lahontan,0.865807286
634TPA085,Upper Truckee River,,2018,1,El Dorado,38.8300175,-120.019584,,Lahontan,1.139789058
634TPA087,Quail Creek,,2009,1,Placer,39.07583,-120.15278,,Lahontan,1.01424
634TPA087,Quail Creek,,2011,1,Placer,39.07583,-120.15278,,Lahontan,0.98012
634TPA087,Quail Creek,,2013,1,Placer,39.07583,-120.15278,,Lahontan,0.957164
634TPA087,Quail Creek,,2015,1,Placer,39.07583,-120.15278,,Lahontan,1.04436911
634TPA087,Quail Creek,,2019,1,Placer,39.07582341,-120.1528427,,Lahontan,0.9817712
634TPB084,North Zephyr Creek,,2010,1,Douglas,39.01637,-119.9336,,Lahontan,1.10825
634TPB084,North Zephyr Creek,,2012,1,Douglas,39.01637,-119.9336,,Lahontan,0.848444
634TPB084,North Zephyr Creek,,2014,1,Douglas,39.01637,-119.9336,,Lahontan,0.972753
634TPB084,North Zephyr Creek,,2016,1,Douglas,39.01637,-119.9336,,Lahontan,1.086669298
634TPB088,First Creek,,2010,1,Washoe,39.25928,-119.98581,,Lahontan,1.15921
634TPB088,First Creek,,2012,1,Washoe,39.25928,-119.98581,,Lahontan,0.977699
634TPB088,First Creek,,2014,1,Washoe,39.25928,-119.98581,,Lahontan,1.12627
634TPB088,First Creek,,2017,1,Washoe,39.25967,-119.98579,,Lahontan,1.072354349
634TPB096,Deer Creek,,2010,1,Washoe,39.2726,-119.94642,,Lahontan,0.973965
634TPB096,Deer Creek,,2012,1,Washoe,39.2726,-119.94642,,Lahontan,0.86886
634TPB096,Deer Creek,,2014,1,Washoe,39.2726,-119.94642,,Lahontan,0.85102
634TPB096,Deer Creek,,2016,1,Washoe,39.2726,-119.94642,,Lahontan,0.802848065
634TPB097,Big Meadow Creek,,2010,1,El Dorado,38.78313,-120.00096,,Lahontan,1.0574
634TPB097,Big Meadow Creek,,2012,1,El Dorado,38.78313,-120.00096,,Lahontan,1.10918
634TPB097,Big Meadow Creek,,2014,1,El Dorado,38.78313,-120.00096,,Lahontan,0.973218
634TPB097,Big Meadow Creek,,2016,1,El Dorado,38.78313,-120.00096,,Lahontan,1.049087081
634TPB097,Big Meadow Creek,,2020,,El Dorado,38.783577,-120.001382,,Lahontan,0.956690639
634TPB103,McKinney Creek,,2010,1,Placer,39.04399,-120.18381,,Lahontan,0.588745
634TPB103,McKinney Creek,,2017,1,Placer,39.04399,-120.18381,,Lahontan,0.594426332
634TPB105,Osgood Creek,,2010,1,El Dorado,38.85436,-120.0347,,Lahontan,1.09142
634TPB105,Osgood Creek,,2012,1,El Dorado,38.85436,-120.0347,,Lahontan,1.03134
634TPB105,Osgood Creek,,2014,1,El Dorado,38.85436,-120.0347,,Lahontan,1.01919
634TPB105,Osgood Creek,,2016,1,El Dorado,38.85436,-120.0347,,Lahontan,1.123430307
634TPB105,Osgood Creek,,2020,1,El Dorado,38.854535,-120.034634,,Lahontan,1.105758025
634TPB108,Deer Creek,,2010,1,Washoe,39.25732,-119.94115,,Lahontan,0.782219
634TPB108,Deer Creek,,2012,1,Washoe,39.25732,-119.94115,,Lahontan,0.837047
634TPB108,Deer Creek,,2014,1,Washoe,39.25732,-119.94115,,Lahontan,0.741108
634TPB108,Deer Creek,,2017,1,Washoe,39.25674,-119.94105,,Lahontan,0.745492679
634TPB109,Saxon Creek,,2010,1,El Dorado,38.84862,-119.98699,,Lahontan,1.08652
634TPB109,Saxon Creek,,2012,1,El Dorado,38.84862,-119.98699,,Lahontan,1.03924
634TPB109,Saxon Creek,,2014,1,El Dorado,38.84862,-119.98699,,Lahontan,1.09714
634TPB109,Saxon Creek,,2017,1,El Dorado,38.84852,-119.98682,,Lahontan,1.232634208
634TPB112,Wood Creek,,2010,1,Washoe,39.24614,-119.95772,,Lahontan,0.890743
634TPB112,Wood Creek,,2012,1,Washoe,39.24614,-119.95772,,Lahontan,0.895948
634TPB112,Wood Creek,,2014,1,Washoe,39.24614,-119.95772,,Lahontan,0.819254
634TPB112,Wood Creek,,2016,1,Washoe,39.24614,-119.95772,,Lahontan,0.892239341
634TPB112,Woods Creek,,2020,1,Washoe,39.245833,-119.958627,,Lahontan,1.105026209
634TPB119,Meeks Creek,,2010,1,El Dorado,39.01961,-120.14764,,Lahontan,1.0953
634TPB119,Meeks Creek,,2012,1,El Dorado,39.01961,-120.14764,,Lahontan,0.924711
634TPB119,Meeks Creek,,2014,1,El Dorado,39.01961,-120.14764,,Lahontan,1.03538
634TPB119,Meeks Creek,,2016,1,El Dorado,39.01961,-120.14764,,Lahontan,0.989536011
634TPB119,Meeks Creek,,2020,1,El Dorado,39.019657,-120.147644,,Lahontan,1.039567107
634TPB122,Heavenly Valley Creek,,2010,1,El Dorado,38.91726,-119.94513,,Lahontan,1.0528
634TPB122,Heavenly Valley Creek,,2012,1,El Dorado,38.91726,-119.94513,,Lahontan,1.23182
634TPB122,Heavenly Valley Creek,,2014,1,El Dorado,38.91726,-119.94513,,Lahontan,1.14418
634TPB122,Heavenly Valley Creek,,2017,1,El Dorado,38.91726,-119.94513,,Lahontan,0.896953646
634TPB123,Ward Creek,,2010,1,Placer,39.13312,-120.1585,,Lahontan,1.17387
634TPB123,Ward Creek,,2012,1,Placer,39.13312,-120.1585,,Lahontan,0.989265
634TPB123,Ward Creek,,2014,1,Placer,39.13312,-120.1585,,Lahontan,0.860229
634TPB123,Ward Creek,,2016,1,Placer,39.13312,-120.1585,,Lahontan,0.991210265
634TPB123,Ward Creek,,2020,1,Placer,39.133103,-120.158639,,Lahontan,1.091626552
634TPB124,Rosewood Creek,,2010,1,Washoe,39.25545,-119.9497,,Lahontan,1.04143
634TPB124,Rosewood Creek,,2012,1,Washoe,39.25545,-119.9497,,Lahontan,0.994751
634TPB124,Rosewood Creek,,2014,1,Washoe,39.25545,-119.9497,,Lahontan,1.00621
634TPB124,Rosewood Creek,,2016,1,Washoe,39.25545,-119.9497,,Lahontan,0.959149165
634TPB124,Rosewood Creek,,2020,1,Washoe,39.255367,-119.949303,,Lahontan,1.0274933
634TPB125,Trout Creek,,2010,1,El Dorado,38.87877,-119.98053,,Lahontan,1.12917
634TPB125,Trout Creek,,2012,1,El Dorado,38.87877,-119.98053,,Lahontan,1.21159
634TPB125,Trout Creek,,2014,1,El Dorado,38.87877,-119.98053,,Lahontan,1.15056
634TPB125,trout creek,,2017,1,El Dorado,38.8788,-119.98042,,Lahontan,0.982211139
634TPB134,Rubicon Creek ,,2010,1,El Dorado,38.988506,-120.106774,,Lahontan,0.870266
634TPB134,Rubicon Creek ,,2012,1,El Dorado,38.988506,-120.106774,,Lahontan,0.980541
634TPB134,Rubicon Creek ,,2016,1,El Dorado,38.988506,-120.106774,,Lahontan,0.235523872
634TPB134,Rubicon Creek,,2020,1,El Dorado,38.988827,-120.106838,,Lahontan,0.922888559
634TPB136,Watson Creek,,2017,1,Placer,39.21977,-120.09367,,Lahontan,0.89838362
634TPB136 ,Watson Creek,,2010,1,Placer,39.21976,-120.09385,,Lahontan,1.08755
634TPB136 ,Watson Creek,,2012,1,Placer,39.21976,-120.09385,,Lahontan,0.863436
634TPB136 ,Watson Creek,,2014,1,Placer,39.21976,-120.09385,,Lahontan,0.986705
634TPB138,Burke Creek,,2010,1,Douglas,38.98017,-119.91773,,Lahontan,0.83519
634TPB138,Burke Creek,,2012,1,Douglas,38.98017,-119.91773,,Lahontan,1.07543
634TPB138,Burke Creek,,2014,1,Douglas,38.98017,-119.91773,,Lahontan,0.852464
634TPB138,Burke Creek,,2016,1,Douglas,38.98017,-119.91773,,Lahontan,1.053684932
634TPB138,Burke Creek,,2020,1,Douglas,38.980239,-119.917862,,Lahontan,1.04928721
634TPB140,Third Creek,,2010,1,Washoe,39.2767,-119.94768,,Lahontan,1.13578
634TPB140,Third Creek,,2012,1,Washoe,39.2767,-119.94768,,Lahontan,1.06951
634TPB140,Third Creek,,2014,1,Washoe,39.2767,-119.94768,,Lahontan,1.10212
634TPB140,Third Creek,,2017,1,Washoe,39.27655,-119.94651,,Lahontan,0.909270588
634TPB141,Upper Truckee River,,2010,1,El Dorado,38.89073,-119.99228,,Lahontan,0.924903
634TPB141,Upper Truckee River,,2012,1,El Dorado,38.89073,-119.99228,,Lahontan,0.73874
634TPB141,Upper Truckee River,,2014,1,El Dorado,38.89073,-119.99228,,Lahontan,0.667343
634TPB141,upper Truckee River,,2017,1,El Dorado,38.89083,-119.99227,,Lahontan,1.051938941
634TPB143,Ward Creek,,2020,1,Placer,39.130087,-120.22487,,Lahontan,0.822303553
634TPB143 ,Ward Creek,,2010,1,Placer,39.13023,-120.22526,,Lahontan,0.977065
634TPB143 ,Ward Creek,,2012,1,Placer,39.13023,-120.22526,,Lahontan,1.04112
634TPB143 ,Ward Creek,,2014,1,Placer,39.13023,-120.22526,,Lahontan,0.975819
634TPB143 ,Ward Creek,,2016,1,Placer,39.13023,-120.22526,,Lahontan,0.986205961
634TPB145,Upper Truckee River,,2010,1,El Dorado,38.76481,-120.03027,,Lahontan,0.948131
634TPB145,Upper Truckee River,,2012,1,El Dorado,38.76481,-120.03027,,Lahontan,0.879721
634TPB145,Upper Truckee River,,2014,1,El Dorado,38.76481,-120.03027,,Lahontan,1.12471
634TPB145,upper Truckee River,,2017,1,El Dorado,38.76482,-120.0303,,Lahontan,0.875435328
634TPB151,Quail Creek,,2010,1,Placer,39.07141,-120.15432,,Lahontan,0.671492
634TPB151,Quail Creek,,2012,1,Placer,39.07141,-120.15432,,Lahontan,1.10579
634TPB151,Quail Creek,,2014,1,Placer,39.07141,-120.15432,,Lahontan,1.07758
634TPB151,Quail Creek,,2017,1,Placer,39.0709,-120.15482,,Lahontan,0.629123805
634TPB153,Angora Creek,,2010,1,El Dorado,38.8816,-120.03604,,Lahontan,0.864604
634TPB153,Angora Creek,,2012,1,El Dorado,38.8816,-120.03604,,Lahontan,0.783168
634TPB153,Angora Creek,,2014,1,El Dorado,38.8816,-120.03604,,Lahontan,0.9114
634TPB153,Angora Creek,,2016,1,El Dorado,38.8816,-120.03604,,Lahontan,0.86030653
634TPB153,Angora Creek,,2020,,El Dorado,38.881518,-120.035419,,Lahontan,0.812284259
634TPB155,Burton Creek,,2010,1,Placer,39.20453,-120.16325,,Lahontan,1.1504
634TPB155,Burton Creek,,2014,1,Placer,39.20453,-120.16325,,Lahontan,0.909892
634TPB155,Burton Creek,,2017,1,Placer,39.20468,-120.16325,,Lahontan,1.067429708
634TRT002,Trout Creek,,2016,1,El Dorado,38.930117,-119.976433,,Lahontan,0.615906059
634TRT002,Trout Creek,,2020,1,El Dorado,38.929811,-119.97654,,Lahontan,0.733622421
634TRT003,trout creek,,2017,1,El Dorado,38.91296,-119.97191,,Lahontan,0.978118517
634UTR004,Upper Truckee River,,2019,1,El Dorado,38.8791981,-120.0013505,,Lahontan,0.934571749
634UTR005,Upper Truckee River,,2019,1,El Dorado,38.86257128,-120.0233443,,Lahontan,1.026955153
634UTR006,upper Truckee River,,2017,1,El Dorado,38.83708,-120.02056,,Lahontan,1.064163349
